{"accuracy": [0.9795814156532288, 0.9959163069725037, 0.997447669506073, 0.9979581236839294, 0.9964267611503601, 0.9984685778617859, 0.9989790916442871, 0.9994895458221436, 0.9986541271209717, 1.0], "loss": [0.21593929827213287, 0.020849905908107758, 0.01085490733385086, 0.010857688263058662, 0.036121442914009094, 0.003242576727643609, 0.0011592620285227895, 0.00044403059291653335, 0.012747615575790405, 0.0], "val_accuracy": [0.9933333396911621, 1.0, 1.0, 1.0, 1.0, 1.0, 1.0, 1.0, 1.0, 1.0], "val_loss": [0.01750788651406765, 1.907347702001516e-08, 0.0, 0.0, 0.0, 0.0, 0.0, 0.0, 0.0, 0.0], "learning_rate": [9.999999747378752e-05, 9.999999747378752e-05, 9.999999747378752e-05, 9.999999747378752e-05, 9.999999747378752e-05, 9.999999747378752e-05, 9.999999747378752e-05, 1.9999999494757503e-05, 1.9999999494757503e-05, 1.9999999494757503e-05]}