{
  "accuracy": [
    0.918325662612915,
    0.9918325543403625,
    0.9954057931900024,
    0.9954057931900024,
    0.9979581236839294,
    0.997447669506073,
    0.9984685778617859,
    0.9989790916442871,
    0.9989790916442871,
    1.0,
    0.9989790916442871,
    0.9989790916442871,
    0.9984685778617859,
    0.9984685778617859,
    1.0,
    0.9989790916442871,
    1.0,
    1.0,
    1.0,
    0.9989790916442871
  ],
  "loss": [
    10.590896606445312,
    9.466652870178223,
    8.401509284973145,
    7.3660688400268555,
    6.385086536407471,
    5.500217437744141,
    4.692107677459717,
    3.990461826324463,
    3.3762013912200928,
    2.838385581970215,
    2.385578155517578,
    2.007908821105957,
    1.6924426555633545,
    1.4271820783615112,
    1.1977156400680542,
    1.009910225868225,
    0.8453133702278137,
    0.7096738219261169,
    0.5927749276161194,
    0.4996630549430847
  ],
  "top_2_accuracy": [
    0.9831546545028687,
    0.9984685778617859,
    0.9989790916442871,
    1.0,
    0.9994895458221436,
    0.9989790916442871,
    1.0,
    1.0,
    1.0,
    1.0,
    1.0,
    0.9994895458221436,
    1.0,
    1.0,
    1.0,
    1.0,
    1.0,
    1.0,
    1.0,
    1.0
  ],
  "val_accuracy": [
    1.0,
    1.0,
    1.0,
    1.0,
    1.0,
    1.0,
    1.0,
    1.0,
    1.0,
    1.0,
    1.0,
    1.0,
    1.0,
    1.0,
    1.0,
    1.0,
    1.0,
    1.0,
    1.0,
    1.0
  ],
  "val_loss": [
    9.947712898254395,
    8.915770530700684,
    7.849931716918945,
    6.844146251678467,
    5.910264492034912,
    5.067078590393066,
    4.31667947769165,
    3.657961368560791,
    3.085029363632202,
    2.592362403869629,
    2.180371046066284,
    1.8331457376480103,
    1.547124981880188,
    1.302148461341858,
    1.0935542583465576,
    0.9196065068244934,
    0.7703921794891357,
    0.6465080380439758,
    0.5382872223854065,
    0.4527924656867981
  ],
  "val_top_2_accuracy": [
    1.0,
    1.3344322269404074e-07,
    1.0,
    1.3344322269404074e-07,
    1.0,
    1.3344322269404074e-07,
    1.0,
    1.0,
    1.0,
    1.0,
    1.0,
    1.0,
    1.0,
    1.0,
    1.0,
    1.0,
    1.0,
    1.0,
    1.0,
    1.0
  ],
  "learning_rate": [
    9.999999747378752e-05,
    9.999999747378752e-05,
    9.999999747378752e-05,
    9.999999747378752e-05,
    9.999999747378752e-05,
    9.999999747378752e-05,
    9.999999747378752e-05,
    9.999999747378752e-05,
    9.999999747378752e-05,
    9.999999747378752e-05,
    9.999999747378752e-05,
    9.999999747378752e-05,
    9.999999747378752e-05,
    9.999999747378752e-05,
    9.999999747378752e-05,
    9.999999747378752e-05,
    9.999999747378752e-05,
    9.999999747378752e-05,
    9.999999747378752e-05,
    9.999999747378752e-05
  ]
}