{"accuracy": [0.967330276966095, 0.9918325543403625, 0.9969372153282166, 0.9969372153282166, 0.9994895458221436, 0.9989790916442871, 0.9994895458221436, 1.0, 0.9994895458221436, 0.9994895458221436, 1.0], "loss": [0.17442120611667633, 0.06357614696025848, 0.036523785442113876, 0.026925185695290565, 0.0005211036768741906, 0.0064972518011927605, 0.0015641722129657865, 6.120298348832875e-05, 0.0019696371164172888, 0.002174134599044919, 0.0], "val_accuracy": [1.0, 1.0, 1.0, 1.0, 1.0, 1.0, 1.0, 1.0, 1.0, 1.0, 1.0], "val_loss": [0.0, 3.1789081589295165e-08, 0.0, 0.0, 0.0, 0.0, 0.0, 0.0, 0.0, 0.0, 0.0], "learning_rate": [0.0010000000474974513, 0.0010000000474974513, 0.0010000000474974513, 0.0010000000474974513, 0.0010000000474974513, 0.0010000000474974513, 0.00020000000949949026, 0.00020000000949949026, 0.00020000000949949026, 0.00020000000949949026, 0.00020000000949949026]}