{"accuracy": [0.9166666865348816, 0.96875, 0.875, 0.9857069849967957, 0.994895339012146, 0.9959163069725037, 0.997447669506073, 0.9984685778617859, 0.9989790916442871, 0.9984685778617859], "loss": [0.9101419448852539, 0.29642823338508606, 0.6763229966163635, 0.13000835478305817, 0.039950206875801086, 0.01691347360610962, 0.00416200328618288, 0.01464487612247467, 0.013646066188812256, 0.00745739508420229], "val_accuracy": [1.0, 0.9933333396911621, 0.9933333396911621, 0.7333333492279053, 1.0, 0.9266666769981384, 1.0, 0.8733333349227905, 0.9866666793823242, 0.9333333373069763], "val_loss": [0.001695519662462175, 0.009378558024764061, 0.029526084661483765, 2.6591434478759766, 8.262077608378604e-05, 0.2651013731956482, 0.0019007229711860418, 0.5307536721229553, 0.045189905911684036, 0.2566182613372803], "learning_rate": [9.999999747378752e-05, 9.999999747378752e-05, 9.999999747378752e-05, 9.999999747378752e-05, 9.999999747378752e-05, 9.999999747378752e-05, 9.999999747378752e-05, 9.999999747378752e-05, 9.999999747378752e-05, 9.999999747378752e-05]}